"","genus","time_moisture","b.boot.median","d.boot.median"
"1","g_Acidipila","x100_t72",29870.9155504307,-2946.61759219645
"2","g_Actinoplanes","x100_t48",54298.3582260651,-492012.033533071
"3","g_Adhaeribacter","x100_t168",723484.95815511,-36782.087321121
"4","g_Adhaeribacter","x100_t48",2957987.35871962,-239921.833258795
"5","g_Adhaeribacter","x100_t72",1595936.11823795,-209638.057591164
"6","g_Ammoniphilus","x100_t72",50719.7987475108,-14461.6960606456
"7","g_Amycolatopsis","x100_t168",217667.139979392,-904504.954872933
"8","g_Amycolatopsis","x100_t3",3828999.46798177,-44847853.7574422
"9","g_Amycolatopsis","x100_t48",336300.923063725,-3037258.30730958
"10","g_Amycolatopsis","x100_t72",20099.5979793458,-1991302.24268452
"11","g_Amycolatopsis","x50_t168",132264.360799894,-115780.224004079
"12","g_Amycolatopsis","x50_t48",96185.9192035674,-135478.518561262
"13","g_Anaeromyxobacter","x100_t168",96796.2288121531,-724932.07253969
"14","g_Anaeromyxobacter","x100_t48",255137.799403541,-1174643.77342499
"15","g_Aquisphaera","x100_t168",29248.5672003666,-511386.252238056
"16","g_Aquisphaera","x100_t3",4886991.98848463,-31126251.8275161
"17","g_Aquisphaera","x100_t48",220731.425545014,-1610499.17441302
"18","g_Arenimonas","x100_t24",710093.071844601,-218158.550654545
"19","g_Arthrobacter","x100_t3",5692075.62984896,-14206837.7037722
"20","g_Blastococcus","x100_t168",511391.364622824,-994265.581861949
"21","g_Blastococcus","x100_t3",3217440.45496495,-38150469.0379206
"22","g_Bradyrhizobium","x100_t168",845982.297124932,-1634582.21361883
"23","g_Bradyrhizobium","x100_t3",1140850.73585852,-67100556.7161172
"24","g_Bradyrhizobium","x100_t48",2537810.38518336,-3300314.49858135
"25","g_Bradyrhizobium","x100_t72",565484.204267795,-560850.469978527
"26","g_Candidatus Solibacter","x100_t168",38841.5376163959,-69045.2658575722
"27","g_Caulobacter","x100_t3",271440.975889116,-1871899.655714
"28","g_Cellulomonas","x100_t24",234514.127167251,-108842.89633078
"29","g_Cellulomonas","x100_t48",307877.882625748,-1033013.28510889
"30","g_Cellulomonas","x100_t72",66025.4538500524,-475032.363458197
"31","g_Cellulomonas","x50_t168",98254.7432290945,-142690.343959035
"32","g_Chryseolinea","x100_t168",214441.579932967,-140254.313658001
"33","g_Corynebacterium","x100_t168",1350658.66269962,-826049.612574525
"34","g_Corynebacterium","x100_t24",1030443.58142829,-1389295.04321783
"35","g_Corynebacterium","x100_t3",14779340.877577,-52039007.5387326
"36","g_Corynebacterium","x100_t48",2334651.63665235,-973671.758184705
"37","g_Deinococcus","x100_t168",228197.289567461,-138657.22691263
"38","g_Deinococcus","x100_t3",2030037.98493819,-7183832.79875741
"39","g_Deinococcus","x100_t48",358550.268186526,-500711.04794678
"40","g_Devosia","x100_t168",124499.954277473,-116665.86136747
"41","g_Devosia","x100_t48",128080.503201445,-315036.056399742
"42","g_Dongia","x100_t168",89674.3045063727,-121895.170635841
"43","g_Gaiella","x100_t168",849458.892894311,-11240233.0516259
"44","g_Gaiella","x100_t24",1296183.45544405,-32376339.7507439
"45","g_Gaiella","x100_t3",35125517.6099141,-531764877.703701
"46","g_Gaiella","x100_t48",5861620.89265897,-29126529.6787973
"47","g_Gaiella","x100_t72",77593.9306577732,-15394617.2154672
"48","g_Gaiella","x50_t168",638598.419723247,-490060.299647472
"49","g_Gaiella","x50_t3",5060179.24430161,-7405590.60631828
"50","g_Gaiella","x50_t48",679167.726730318,-460015.737566864
"51","g_Gemmatimonas","x100_t168",1594754.94425105,-1605967.09240475
"52","g_Gemmatimonas","x100_t3",2328607.5357055,-402911.69389111
"53","g_Gemmatimonas","x100_t72",719146.181659721,-121629.405828377
"54","g_Gemmatimonas","x50_t168",862341.637609738,-84909.9787518598
"55","g_Geobacillus","x100_t168",667644.126304172,-645096.011598686
"56","g_Geobacillus","x100_t3",8894133.47524465,-37750565.2278056
"57","g_Geobacillus","x100_t48",1229595.66762559,-2007323.00034288
"58","g_Geobacillus","x100_t72",604299.093828837,-848455.606251615
"59","g_Geobacter","x100_t168",22947.640135457,-1115021.75291571
"60","g_Geobacter","x100_t48",773075.515301926,-1816060.38444639
"61","g_Geodermatophilus","x100_t168",255588.736859387,-107778.60863156
"62","g_Geodermatophilus","x100_t72",444517.984487139,-256887.602371723
"63","g_Gp1","x100_t168",1260584.74339546,-1519714.81992428
"64","g_Gp1","x100_t24",1278413.12798394,-3707299.87313536
"65","g_Gp1","x100_t3",18976466.7198083,-78914838.8090651
"66","g_Gp1","x100_t48",1786171.75836762,-1940270.7184723
"67","g_Gp1","x100_t72",1479492.25253446,-786064.762169133
"68","g_Gp1","x50_t3",3574842.66266763,-9672977.92027632
"69","g_Gp10","x100_t168",529342.005920114,-1714167.7031011
"70","g_Gp10","x100_t24",2261947.55285794,-5881884.54117226
"71","g_Gp10","x100_t48",988915.964301368,-3964537.31631493
"72","g_Gp10","x100_t72",330407.656251297,-719135.460825806
"73","g_Gp16","x100_t168",440065.393985246,-4015600.330028
"74","g_Gp16","x100_t48",1158913.94589444,-9565699.6120467
"75","g_Gp16","x50_t168",350553.156713234,-797203.9907721
"76","g_Gp2","x100_t168",3951983.54935797,-2323588.09973505
"77","g_Gp2","x100_t24",3024119.25083902,-8536345.67316129
"78","g_Gp2","x100_t3",42366945.3289758,-131900248.136566
"79","g_Gp2","x100_t48",9658055.62463874,-3836313.4052307
"80","g_Gp2","x100_t72",5491090.93858373,-78059.7726167548
"81","g_Gp3","x100_t168",212144.976189492,-644653.897337266
"82","g_Gp3","x100_t3",8875491.50863526,-29298481.4218667
"83","g_Gp3","x100_t48",950621.973556767,-80752.2274482994
"84","g_Gp3","x100_t72",683895.901710157,-1369317.4623657
"85","g_Gp4","x100_t168",918287.931109732,-1351504.54923311
"86","g_Gp4","x100_t24",1014938.4497661,-1551525.75666546
"87","g_Gp4","x100_t3",1832374.76491335,-80718476.0026074
"88","g_Gp4","x100_t48",1642395.09809189,-4221314.81001185
"89","g_Gp4","x100_t72",31732.8689347864,-1297487.83727449
"90","g_Gp6","x100_t168",1796058.78142387,-2436520.91082865
"91","g_Gp6","x100_t24",689947.907394447,-5952464.47220458
"92","g_Gp6","x100_t3",4732044.96313531,-35167036.804063
"93","g_Gp6","x100_t48",2098920.8955574,-5110367.4039799
"94","g_Gp6","x100_t72",1958173.22589854,-3992867.91393592
"95","g_Gp6","x50_t168",658685.723568306,-55278.0823946771
"96","g_Gp6","x50_t24",16845.2951301562,-275859.781989786
"97","g_Gp6","x50_t72",1441088.31362558,-65388.5357579318
"98","g_Gp7","x100_t168",590771.013836566,-999553.742583932
"99","g_Gp7","x100_t24",1074071.27183374,-52238.355544249
"100","g_Gp7","x50_t72",642741.10550713,-213262.635049212
"101","g_Granulicella","x100_t168",1990942.53510723,-1688463.26172352
"102","g_Granulicella","x100_t24",464160.247882873,-4590164.24327418
"103","g_Granulicella","x100_t3",11177649.6099403,-92139992.0207285
"104","g_Granulicella","x100_t48",2528367.63641972,-2762543.54145558
"105","g_Granulicella","x100_t72",2890030.55718107,-1634145.23303138
"106","g_Halomonas","x100_t168",22981538.0446552,-20349501.9391334
"107","g_Halomonas","x100_t24",10776555.8275061,-6016889.04351145
"108","g_Halomonas","x100_t3",266863329.580818,-1079675077.96823
"109","g_Halomonas","x100_t48",54946651.1396427,-28975903.8528969
"110","g_Hymenobacter","x100_t168",4192602.04131785,-2348031.69970399
"111","g_Hymenobacter","x100_t24",4572451.21431252,-5324457.88315799
"112","g_Hymenobacter","x100_t3",51132658.4714382,-157296545.24842
"113","g_Hymenobacter","x100_t48",7225595.1998542,-5157533.05308446
"114","g_Kineosporia","x100_t168",163201.462212091,-1047970.51874923
"115","g_Kineosporia","x100_t3",613194.646337102,-70600664.8320935
"116","g_Kineosporia","x100_t48",231522.196896209,-3817042.6845109
"117","g_Kineosporia","x100_t72",145126.814811997,-2203592.71491842
"118","g_Kineosporia","x50_t168",176581.697523858,-309623.808247595
"119","g_Kineosporia","x50_t3",603221.64503606,-19376131.3724664
"120","g_Kineosporia","x50_t48",97814.3299356843,-444665.535730468
"121","g_Kribbella","x100_t48",828125.366538348,-2758410.06824689
"122","g_Ktedonobacter","x100_t168",132653.64528367,-94306.4786357655
"123","g_Ktedonobacter","x100_t24",54620.3140168974,-191098.256370523
"124","g_Ktedonobacter","x100_t3",4003008.20819501,-6577842.54751708
"125","g_Ktedonobacter","x100_t48",655721.728997961,-747166.724941092
"126","g_Labilithrix","x100_t168",75570.2026879892,-548476.539894716
"127","g_Luteimonas","x50_t168",234525.891254589,-68327.714709481
"128","g_Marmoricola","x100_t168",953463.739628306,-2100752.8893937
"129","g_Marmoricola","x100_t24",361780.033879471,-7742634.49483181
"130","g_Marmoricola","x100_t3",22274024.4338455,-127021023.088469
"131","g_Marmoricola","x100_t48",4828663.90234598,-11519282.8895491
"132","g_Marmoricola","x100_t72",1418596.96662392,-2944299.92402156
"133","g_Marmoricola","x50_t48",990393.299755575,-466949.22566389
"134","g_Methylobacterium","x100_t168",95042.0932722243,-216281.713694212
"135","g_Methylobacterium","x100_t48",592346.595457747,-265466.735907426
"136","g_Micrococcus","x100_t168",44345.999542725,-34993.0478772169
"137","g_Micrococcus","x100_t3",560364.992251785,-5329526.64808472
"138","g_Micrococcus","x100_t48",554340.815687342,-776162.943994014
"139","g_Micromonospora","x100_t168",78994.7145802932,-171966.24286816
"140","g_Microvirga","x100_t168",453559.934706098,-830779.006226217
"141","g_Modestobacter","x100_t168",146930.429743196,-164365.95436861
"142","g_Modestobacter","x50_t72",152902.78436263,-44763.1286086531
"143","g_Mycobacterium","x100_t168",277931.829920833,-1385772.86826523
"144","g_Mycobacterium","x100_t24",671503.348163674,-1687016.76175941
"145","g_Mycobacterium","x100_t3",7906808.96706608,-54683859.9279095
"146","g_Mycobacterium","x100_t48",203940.024397228,-2047287.09022486
"147","g_Mycobacterium","x100_t72",144759.848237875,-1710107.4019448
"148","g_Mycobacterium","x50_t168",82016.6372567849,-150505.610267769
"149","g_Neisseria","x100_t168",582540.3657168,-317187.214831085
"150","g_Neisseria","x100_t24",246674.72359194,-98250.9151652575
"151","g_Neisseria","x100_t3",5688258.1764448,-22767281.4477469
"152","g_Neisseria","x100_t48",1124438.10779887,-736633.491202157
"153","g_Neisseria","x100_t72",864303.40573223,-158794.682092403
"154","g_Nitrososphaera","x100_t3",2687159.4030268,-14060558.8286626
"155","g_Nitrososphaera","x100_t72",164217.54113699,-130930.571981666
"156","g_Nitrospira","x100_t168",5019.57870792681,-186503.156136926
"157","g_Nitrospira","x100_t3",109471.585883518,-7761770.30982003
"158","g_Nitrospira","x100_t48",165873.221456643,-452974.446808772
"159","g_Nitrospira","x100_t72",73082.3990504106,-158049.148067879
"160","g_Nocardioides","x100_t168",610997.767306837,-1092460.92204506
"161","g_Nocardioides","x100_t24",63578.3100591181,-131227.803924663
"162","g_Nocardioides","x100_t3",5141767.84573645,-37361396.9594234
"163","g_Nocardioides","x100_t48",1723613.93545042,-2062405.87954575
"164","g_Nocardioides","x100_t72",1272563.66175673,-1165896.51244223
"165","g_Nocardioides","x50_t168",378110.735294317,-43402.5982494028
"166","g_Opitutus","x100_t168",1699883.8286949,-1528745.3588733
"167","g_Opitutus","x100_t24",382451.906603882,-1001839.51232457
"168","g_Opitutus","x100_t3",14278107.4864246,-65520026.1658491
"169","g_Opitutus","x100_t48",3132334.62177956,-1951601.64311323
"170","g_Opitutus","x100_t72",2752666.80574171,-1413060.64485263
"171","g_Opitutus","x50_t48",677512.866367861,-246022.91821664
"172","g_Paenibacillus","x100_t3",5456714.71022071,-3191313.29600703
"173","g_Paenibacillus","x100_t48",4048216.30436743,-97567.3951465096
"174","g_Pedomicrobium","x100_t24",133199.130900138,-1740974.26767869
"175","g_Pedomicrobium","x100_t48",53944.1334033449,-846760.72303622
"176","g_Phenylobacterium","x100_t168",540765.569846954,-307470.333561607
"177","g_Phenylobacterium","x100_t24",1217639.44769895,-136798.72748651
"178","g_Phenylobacterium","x100_t3",6867740.79054831,-32671193.7823626
"179","g_Phenylobacterium","x100_t48",1554913.15431544,-1499.77680080989
"180","g_Phenylobacterium","x100_t72",747652.63700364,-658931.20292279
"181","g_Porphyromonas","x100_t168",176910.903497462,-25840.6667114615
"182","g_Porphyromonas","x100_t3",2715865.70740109,-9674931.88042086
"183","g_Porphyromonas","x100_t48",296216.121938601,-373824.437288505
"184","g_Porphyromonas","x100_t72",225006.883223873,-988.826776673988
"185","g_Povalibacter","x100_t24",415070.343786946,-318596.027205584
"186","g_Povalibacter","x100_t48",326085.135039096,-528634.392450476
"187","g_Pseudomonas","x100_t48",364932.984555829,-450568.20376433
"188","g_Pseudonocardia","x100_t168",79984.7351713052,-2321947.53196143
"189","g_Pseudonocardia","x100_t24",712397.692628466,-7982194.59053298
"190","g_Pseudonocardia","x100_t3",12505376.2654917,-103260598.393334
"191","g_Pseudonocardia","x100_t48",950304.369061939,-4633462.27211153
"192","g_Pseudonocardia","x50_t168",193811.883743543,-105677.772168871
"193","g_Ramlibacter","x100_t168",3961294.39665648,-166846.64490575
"194","g_Ramlibacter","x100_t3",43784843.8071888,-76228261.680801
"195","g_Ramlibacter","x100_t48",11249848.4739746,-151394.675533033
"196","g_Reyranella","x100_t48",368483.569229004,-290293.712368205
"197","g_Rhizobium","x100_t168",544506.985536135,-678979.830197451
"198","g_Rhizobium","x100_t3",1914309.33533885,-32506738.3761741
"199","g_Rhizobium","x100_t72",410518.088922517,-490618.723466096
"200","g_Rubrobacter","x100_t168",46187.1305894043,-368498.425474505
"201","g_Rubrobacter","x100_t24",416342.550349033,-185974.968290206
"202","g_Rubrobacter","x100_t3",4227379.19099207,-8859851.52602914
"203","g_Rubrobacter","x100_t48",564191.712470419,-1102551.98418146
"204","g_Rubrobacter","x100_t72",248779.346716518,-260954.942028749
"205","g_Segetibacter","x100_t48",375935.845363932,-102211.827870674
"206","g_Segetibacter","x100_t72",520890.842024376,-224584.45028342
"207","g_Shewanella","x100_t168",10296335.3042656,-9233589.09347239
"208","g_Shewanella","x100_t3",87359734.7155926,-396424443.086932
"209","g_Shewanella","x100_t48",18961594.4857787,-11694590.872659
"210","g_Skermanella","x100_t168",1101882.13335682,-2108474.52008061
"211","g_Skermanella","x100_t24",995132.102791956,-918414.87047437
"212","g_Skermanella","x100_t3",10016793.6724705,-50680837.5381129
"213","g_Skermanella","x100_t48",3596170.42973979,-2356662.44169232
"214","g_Skermanella","x100_t72",1077190.417624,-1554031.74969105
"215","g_Solirubrobacter","x100_t168",910540.9763396,-3672829.44847089
"216","g_Solirubrobacter","x100_t3",6577686.6484512,-151243721.676892
"217","g_Solirubrobacter","x100_t48",2230480.6336637,-6089290.26983652
"218","g_Solirubrobacter","x100_t72",455836.729978184,-4047842.27507402
"219","g_Solirubrobacter","x50_t3",5815598.30011478,-1684.31801138073
"220","g_Spartobacteria_genera_incertae_sedis","x100_t168",553030.494528517,-2625481.84052445
"221","g_Spartobacteria_genera_incertae_sedis","x100_t24",1175891.01581844,-330548.512091624
"222","g_Spartobacteria_genera_incertae_sedis","x100_t3",12478847.3312424,-128288464.826807
"223","g_Spartobacteria_genera_incertae_sedis","x100_t48",2344269.56586658,-6605414.03148896
"224","g_Spartobacteria_genera_incertae_sedis","x100_t72",264100.055033763,-3947701.73794738
"225","g_Spartobacteria_genera_incertae_sedis","x50_t168",558977.968609138,-126068.672828683
"226","g_Spartobacteria_genera_incertae_sedis","x50_t3",10254078.2811226,-4586655.1223811
"227","g_Sphingomonas","x100_t48",1400247.96717026,-358269.035836013
"228","g_Staphylococcus","x100_t168",724975.429181015,-457295.677237624
"229","g_Staphylococcus","x100_t3",4559261.57242672,-18640126.3671527
"230","g_Steroidobacter","x100_t168",238735.483336734,-142666.74280141
"231","g_Steroidobacter","x100_t24",742.03627820084,-537580.237004951
"232","g_Steroidobacter","x100_t3",3478787.77738439,-3215785.98536769
"233","g_Streptococcus","x100_t168",3840311.90849065,-1808230.54918646
"234","g_Streptococcus","x100_t24",1579213.25902907,-12137.3483390875
"235","g_Streptococcus","x100_t3",45881679.4298434,-122631710.130375
"236","g_Streptococcus","x100_t48",6932903.97852121,-2872371.23170475
"237","g_Streptococcus","x100_t72",5008380.62413302,-104976.999816633
"238","g_Streptomyces","x100_t168",1141190.04312785,-1732523.73596593
"239","g_Streptomyces","x100_t24",215152.550844849,-4126784.83651723
"240","g_Streptomyces","x100_t3",3407793.9309375,-123001444.031624
"241","g_Streptomyces","x100_t48",2854065.5536711,-7340013.1165148
"242","g_Streptomyces","x100_t72",1459401.40398773,-3904681.68643796
"243","g_Subdivision3_genera_incertae_sedis","x100_t168",153592.301231701,-161208.763574013
"244","g_Subdivision3_genera_incertae_sedis","x100_t24",105881.8751444,-5013463.9530073
"245","g_Subdivision3_genera_incertae_sedis","x100_t3",438193.544135627,-16407949.4251651
"246","g_Subdivision3_genera_incertae_sedis","x100_t48",442237.239511495,-1686769.92223659
"247","g_Subdivision3_genera_incertae_sedis","x100_t72",120506.274480819,-1651033.05335886
"248","g_Subdivision3_genera_incertae_sedis","x50_t168",120743.737508366,-58353.2724681973
"249","g_Subdivision3_genera_incertae_sedis","x50_t48",213129.111640589,-496967.351220952
"250","g_Thermicanus","x100_t168",62037.395167394,-23280.5138624423
"251","g_Thermicanus","x100_t3",1742593.141794,-4480015.85512764
"252","g_Thermicanus","x100_t48",257277.421997811,-197390.37525381
"253","g_Thermicanus","x100_t72",122690.670728837,-62748.1323136963
"254","g_Thermus","x100_t168",530115.907728679,-850753.436733818
"255","g_Thermus","x100_t24",845728.875411053,-2378229.1459008
"256","g_Thermus","x100_t3",7312736.53505192,-43444608.3716355
"257","g_Thermus","x100_t48",1216186.91784091,-1751256.29401917
"258","g_Thermus","x100_t72",719286.996811732,-904639.95249038
"259","g_WPS-1_genera_incertae_sedis","x100_t168",131417.356916738,-1457368.84961358
"260","g_WPS-1_genera_incertae_sedis","x100_t3",11391687.1349663,-45580174.4275978
"261","g_WPS-1_genera_incertae_sedis","x100_t48",686980.256060326,-2514574.3466484
"262","g_WPS-1_genera_incertae_sedis","x100_t72",16946.5115455915,-1954646.63474909
"263","g_WPS-1_genera_incertae_sedis","x50_t168",143029.990552993,-47374.5675219978
"264","g_WPS-1_genera_incertae_sedis","x50_t72",109155.102829756,-1060.3018607295
"265","g_unclassified_Acetobacteraceae","x100_t168",150545.83128224,-359854.520138267
"266","g_unclassified_Acetobacteraceae","x100_t24",253994.428727596,-661443.253027917
"267","g_unclassified_Acetobacteraceae","x100_t3",959824.148505552,-20926596.5635306
"268","g_unclassified_Acetobacteraceae","x100_t48",584588.535847717,-322673.627187183
"269","g_unclassified_Acetobacteraceae","x100_t72",81547.1927166479,-455556.186789409
"270","g_unclassified_Acidimicrobiales","x100_t168",271410.35858796,-1824509.67735949
"271","g_unclassified_Acidimicrobiales","x100_t24",684513.652841393,-6420998.15919313
"272","g_unclassified_Acidimicrobiales","x100_t3",14859702.413367,-101272826.505348
"273","g_unclassified_Acidimicrobiales","x100_t48",276500.252619896,-5033090.21052025
"274","g_unclassified_Acidimicrobiales","x100_t72",106415.617739063,-3032059.10345471
"275","g_unclassified_Acidimicrobiales","x50_t168",34419.6943204316,-55917.3915584197
"276","g_unclassified_Acidobacteria_Gp1","x100_t168",167714.092617783,-19122.8227653628
"277","g_unclassified_Acidobacteria_Gp1","x100_t24",1205279.95028045,-686978.817182648
"278","g_unclassified_Acidobacteria_Gp1","x100_t3",9227033.431329,-38314788.7066953
"279","g_unclassified_Acidobacteria_Gp1","x100_t48",828731.476269826,-233768.311543726
"280","g_unclassified_Acidobacteria_Gp1","x100_t72",797620.476711248,-23147.7566368471
"281","g_unclassified_Acidobacteria_Gp1","x50_t3",57188.4945208339,-10362.5681370213
"282","g_unclassified_Acidobacteria_Gp3","x100_t72",265394.138247289,-1166985.18516198
"283","g_unclassified_Actinobacteria","x100_t168",1768492.85303017,-7658816.94232119
"284","g_unclassified_Actinobacteria","x100_t24",1605539.94935695,-23111510.8025665
"285","g_unclassified_Actinobacteria","x100_t3",37280869.8077647,-336898430.659833
"286","g_unclassified_Actinobacteria","x100_t48",5856579.30705319,-18483775.9211766
"287","g_unclassified_Actinobacteria","x100_t72",2947033.88281645,-12721884.8406181
"288","g_unclassified_Actinobacteria","x50_t168",726634.650136768,-1279769.84607053
"289","g_unclassified_Actinobacteria","x50_t24",2366131.25495762,-1611571.20531943
"290","g_unclassified_Actinobacteria","x50_t3",9446134.89950707,-20398880.1248799
"291","g_unclassified_Actinobacteria","x50_t48",711703.809140853,-1256350.19282051
"292","g_unclassified_Actinobacteria","x50_t72",1593585.93983775,-616994.797728101
"293","g_unclassified_Actinomycetales","x100_t168",803911.945276428,-1445580.76983519
"294","g_unclassified_Actinomycetales","x100_t24",822825.720270305,-2211410.64667672
"295","g_unclassified_Actinomycetales","x100_t3",8942936.35579966,-34527107.2373475
"296","g_unclassified_Actinomycetales","x100_t48",1250013.9968723,-2837203.91831985
"297","g_unclassified_Actinomycetales","x100_t72",1195864.83013257,-1456225.47259921
"298","g_unclassified_Bacillaceae 1","x100_t48",1481434.50366336,-821946.694804985
"299","g_unclassified_Bacillales","x100_t168",4188298.91043408,-6314643.9075772
"300","g_unclassified_Bacillales","x100_t24",37105023.9173753,-3391841.10987037
"301","g_unclassified_Bacillales","x100_t3",153667449.976725,-261198238.55396
"302","g_unclassified_Bacillales","x100_t48",36794091.2934337,-4156754.71053203
"303","g_unclassified_Bacillales","x100_t72",15183173.1738373,-2968586.51930836
"304","g_unclassified_Bacteria","x100_t168",2937197.47161377,-9064592.20335336
"305","g_unclassified_Bacteria","x100_t24",2055396.72578527,-23982882.1725907
"306","g_unclassified_Bacteria","x100_t3",49537182.4220886,-384130752.563817
"307","g_unclassified_Bacteria","x100_t48",5951182.11554378,-21229954.8287727
"308","g_unclassified_Bacteria","x100_t72",3325226.37492147,-16072081.7966242
"309","g_unclassified_Bacteria","x50_t168",1111639.09986432,-291771.564133159
"310","g_unclassified_Bacteria","x50_t24",4468424.10678958,-783151.437417275
"311","g_unclassified_Bacteria","x50_t3",6459614.73931088,-10916145.2417381
"312","g_unclassified_Bacteria","x50_t48",1092211.61718477,-1010232.97705808
"313","g_unclassified_Bacteria","x50_t72",2447180.38758472,-9775.9707732526
"314","g_unclassified_Bacteroidetes","x100_t24",194773.562617783,-108511.996540684
"315","g_unclassified_Bacteroidetes","x100_t48",126486.222377698,-57608.0384614483
"316","g_unclassified_Betaproteobacteria","x100_t168",4766206.91237373,-5692450.25355524
"317","g_unclassified_Betaproteobacteria","x100_t24",1687858.91346133,-6025961.97248752
"318","g_unclassified_Betaproteobacteria","x100_t3",42323421.5887247,-239116832.281785
"319","g_unclassified_Betaproteobacteria","x100_t48",8257165.00115882,-11484249.5641159
"320","g_unclassified_Betaproteobacteria","x100_t72",4498654.90190885,-3284652.03596606
"321","g_unclassified_Betaproteobacteria","x50_t168",1935711.58370659,-124726.172752054
"322","g_unclassified_Betaproteobacteria","x50_t3",3419303.1956975,-2492736.77861152
"323","g_unclassified_Betaproteobacteria","x50_t48",1163264.69633158,-943767.053928501
"324","g_unclassified_Burkholderiales","x100_t168",921781.815909564,-57166.237251645
"325","g_unclassified_Burkholderiales","x100_t48",3120773.10325667,-1578969.45290975
"326","g_unclassified_Burkholderiales","x100_t72",2076157.03413879,-228817.824491995
"327","g_unclassified_Caldilineaceae","x100_t72",45026.8069926219,-113384.173658708
"328","g_unclassified_Chitinophagaceae","x100_t168",945915.647568801,-815360.667700068
"329","g_unclassified_Chitinophagaceae","x100_t24",494472.342220866,-3080656.29719238
"330","g_unclassified_Chitinophagaceae","x100_t3",6101438.83881874,-48125642.0124518
"331","g_unclassified_Chitinophagaceae","x100_t48",2094005.23712891,-2710270.1851156
"332","g_unclassified_Chitinophagaceae","x100_t72",1904037.80510851,-158803.669288369
"333","g_unclassified_Chloroflexi","x100_t168",97631.2950027219,-96981.2695226535
"334","g_unclassified_Chloroflexi","x100_t48",769161.494140829,-413275.676056548
"335","g_unclassified_Chloroflexi","x100_t72",48891.1857396168,-259304.053248604
"336","g_unclassified_Comamonadaceae","x100_t168",4134486.2448865,-1529705.78571686
"337","g_unclassified_Comamonadaceae","x100_t24",10109579.287802,-3927950.11768927
"338","g_unclassified_Comamonadaceae","x100_t3",38229843.1082174,-99401575.226934
"339","g_unclassified_Comamonadaceae","x100_t48",11485878.5035201,-2238210.67512719
"340","g_unclassified_Comamonadaceae","x100_t72",4331509.47496782,-1193404.0988929
"341","g_unclassified_Cytophagaceae","x100_t48",52621.8001864362,-42871.1757725935
"342","g_unclassified_Cytophagales","x100_t168",108942.441871961,-124265.010077741
"343","g_unclassified_Deltaproteobacteria","x100_t72",557275.815028766,-27381.7210117425
"344","g_unclassified_Enterobacteriaceae","x100_t168",16563361.6841893,-13249693.9263747
"345","g_unclassified_Enterobacteriaceae","x100_t3",192292219.256365,-669008663.872701
"346","g_unclassified_Enterobacteriaceae","x100_t48",46556402.9007865,-10932817.5363488
"347","g_unclassified_Flavobacteriaceae","x100_t168",1733744.39192345,-333700.42698261
"348","g_unclassified_Flavobacteriaceae","x100_t3",17344321.6165584,-24323101.3801961
"349","g_unclassified_Gammaproteobacteria","x100_t168",2316798.66812207,-3339105.1586993
"350","g_unclassified_Gammaproteobacteria","x100_t24",1963003.78653878,-8810063.17852472
"351","g_unclassified_Gammaproteobacteria","x100_t3",30767287.5143173,-208626241.409073
"352","g_unclassified_Gammaproteobacteria","x100_t48",4279472.25217648,-6593506.96116565
"353","g_unclassified_Gammaproteobacteria","x100_t72",3933049.33681933,-2984565.72126685
"354","g_unclassified_Gammaproteobacteria","x50_t168",824707.190380677,-67484.2184951215
"355","g_unclassified_Geodermatophilaceae","x100_t168",305169.256929789,-514315.117296154
"356","g_unclassified_Geodermatophilaceae","x100_t24",41540.3601516529,-419644.220165029
"357","g_unclassified_Geodermatophilaceae","x100_t3",4851626.23797365,-21348151.4227173
"358","g_unclassified_Geodermatophilaceae","x100_t48",792161.367492978,-504649.806616554
"359","g_unclassified_Geodermatophilaceae","x100_t72",174798.201027894,-53510.2800387742
"360","g_unclassified_Geodermatophilaceae","x50_t168",137624.685306099,-30173.5246079045
"361","g_unclassified_Micromonosporaceae","x100_t168",224461.426423226,-1498967.60299278
"362","g_unclassified_Micromonosporaceae","x100_t24",160748.257570132,-1044786.57150429
"363","g_unclassified_Micromonosporaceae","x100_t3",32632800.9351497,-86442703.4953816
"364","g_unclassified_Micromonosporaceae","x100_t48",624118.362232324,-561269.834084263
"365","g_unclassified_Micromonosporaceae","x50_t168",240441.983919666,-190164.684869171
"366","g_unclassified_Micromonosporaceae","x50_t3",2159028.77982788,-1643956.69830235
"367","g_unclassified_Micromonosporaceae","x50_t72",834627.675824637,-126642.125107626
"368","g_unclassified_Myxococcales","x100_t168",2092181.35410199,-330231.275618529
"369","g_unclassified_Myxococcales","x100_t24",201440.50042475,-3945288.06013971
"370","g_unclassified_Myxococcales","x100_t3",4760135.44757682,-38791639.6281719
"371","g_unclassified_Myxococcales","x100_t48",2709691.66285311,-3248857.61890913
"372","g_unclassified_Myxococcales","x100_t72",1702127.14801116,-785009.139803632
"373","g_unclassified_Myxococcales","x50_t168",985340.883010523,-34108.7965088505
"374","g_unclassified_Myxococcales","x50_t48",782857.80072284,-185782.156829702
"375","g_unclassified_Nocardioidaceae","x100_t168",329364.651064076,-193255.222874063
"376","g_unclassified_Nocardioidaceae","x100_t72",182779.520692265,-390721.678379848
"377","g_unclassified_Opitutaceae","x100_t48",397042.422580008,-918926.835329118
"378","g_unclassified_Opitutaceae","x100_t72",227632.51043794,-352661.790641804
"379","g_unclassified_Oxalobacteraceae","x100_t168",704995.403131765,-833212.900552602
"380","g_unclassified_Oxalobacteraceae","x100_t3",13881915.5262771,-48078725.6444289
"381","g_unclassified_Oxalobacteraceae","x100_t48",4456625.57526104,-739045.517370659
"382","g_unclassified_Oxalobacteraceae","x100_t72",2642872.59079976,-1587200.2006364
"383","g_unclassified_Oxalobacteraceae","x50_t3",2064754.71733524,-833479.00701264
"384","g_unclassified_Paenibacillaceae 2","x100_t72",183847.959402628,-137509.098421207
"385","g_unclassified_Planctomycetaceae","x100_t168",383817.492133507,-1160111.51565668
"386","g_unclassified_Planctomycetaceae","x100_t24",237793.706637088,-2479311.5464939
"387","g_unclassified_Planctomycetaceae","x100_t3",4830067.31961957,-11175774.8133524
"388","g_unclassified_Planctomycetaceae","x100_t48",594514.731037363,-2256749.81740396
"389","g_unclassified_Planctomycetaceae","x100_t72",248458.70629439,-2205124.1465208
"390","g_unclassified_Planctomycetaceae","x50_t168",135474.448926528,-63747.3722769602
"391","g_unclassified_Planctomycetaceae","x50_t48",220843.055486558,-249805.307921087
"392","g_unclassified_Planococcaceae","x100_t168",3618020.53523163,-2721972.65695997
"393","g_unclassified_Planococcaceae","x100_t3",138954522.460108,-41798475.6568139
"394","g_unclassified_Pseudonocardiaceae","x100_t24",148306.286646623,-2057736.06202897
"395","g_unclassified_Pseudonocardiaceae","x100_t3",3216816.8317366,-19482719.5355996
"396","g_unclassified_Pseudonocardiaceae","x100_t48",390560.175921432,-1589422.4958003
"397","g_unclassified_Pseudonocardiaceae","x100_t72",119308.960159119,-671119.858137665
"398","g_unclassified_Rhizobiales","x100_t168",1256979.06393841,-2678801.83086095
"399","g_unclassified_Rhizobiales","x100_t24",109728.499441122,-4474889.61608775
"400","g_unclassified_Rhizobiales","x100_t3",6504025.55764258,-93103346.7720386
"401","g_unclassified_Rhizobiales","x100_t48",2546123.68367033,-4770723.41827928
"402","g_unclassified_Rhizobiales","x100_t72",666270.39373371,-1176863.17241991
"403","g_unclassified_Rhizobiales","x50_t3",2030501.01461969,-379559.59909803
"404","g_unclassified_Rhizobiales","x50_t48",671829.559257796,-17564.247904544
"405","g_unclassified_Rhodocyclaceae","x100_t168",589647.029530614,-774581.31555805
"406","g_unclassified_Rhodocyclaceae","x100_t24",389482.440211478,-2053459.79938046
"407","g_unclassified_Rhodocyclaceae","x100_t3",8261169.86744333,-36410163.7507282
"408","g_unclassified_Rhodocyclaceae","x100_t48",1031253.205047,-2028176.95034117
"409","g_unclassified_Rhodocyclaceae","x100_t72",670118.340640785,-503030.85582968
"410","g_unclassified_Rhodospirillaceae","x100_t168",106366.627956199,-332714.334593048
"411","g_unclassified_Rhodospirillaceae","x100_t48",258236.742923813,-31028.6708212898
"412","g_unclassified_Rhodospirillaceae","x100_t72",227129.370478779,-133779.957917082
"413","g_unclassified_Solirubrobacterales","x100_t168",150695.121454086,-7808160.72449048
"414","g_unclassified_Solirubrobacterales","x100_t24",57053.5067923464,-23066148.370367
"415","g_unclassified_Solirubrobacterales","x100_t3",20444940.581043,-329773919.412377
"416","g_unclassified_Solirubrobacterales","x100_t48",2464813.52681155,-21204450.649951
"417","g_unclassified_Solirubrobacterales","x100_t72",641238.475177181,-11683168.9567513
"418","g_unclassified_Solirubrobacterales","x50_t168",410622.76193629,-1253331.47734006
"419","g_unclassified_Solirubrobacterales","x50_t3",754946.866867496,-15084978.8298784
"420","g_unclassified_Solirubrobacterales","x50_t48",683715.31074022,-607985.945255421
"421","g_unclassified_Spartobacteria","x100_t168",160396.726106891,-169376.638975811
"422","g_unclassified_Spartobacteria","x100_t48",421786.926026623,-1340634.25122966
"423","g_unclassified_Spartobacteria","x100_t72",273395.330237905,-887167.603231172
"424","g_unclassified_Sphingomonadaceae","x50_t3",9832489.07239189,-68141.4925500639
"425","g_unclassified_Verrucomicrobia","x100_t168",71224.5961756567,-246994.45314763
"426","g_unclassified_Verrucomicrobia","x50_t48",77821.2865523733,-22573.1836300837
