"","baseMean","log2FoldChange","lfcSE","stat","pvalue","padj"
"...1",213.840057593689,0.554340195892101,0.283283316351791,1.95684025106407,0.0503662530782051,0.432847513993197
"AA1 Laccase / p-diphenol:oxygen oxidoreductase / ferroxidase (EC 1.10.3.2)",2646.62247727321,0.0849377811084286,0.0996260110065928,0.852566315264874,0.393899849145735,0.847369611812662
"AA10 (formerly CBM33) proteins are copper-dependent lytic polysaccharide monooxygenases (LPMOs)",106.758866055037,-0.340059986143783,0.224755719345561,-1.5130203900215,0.130274479636437,0.651372398182184
"AA12 The pyrroloquinoline quinone-dependent oxidoreductase activity was demonstrated for the CC1G_09525 protein of Coprinopsis cinerea.",184.070088422453,-0.0487200849503381,0.0998987106868027,-0.487694832249465,0.625766012711219,0.934483621449317
"AA2 manganese peroxidase (EC 1.11.1.13)",2576.31281881759,-0.0211756211241697,0.0719825326442797,-0.294177216975881,0.768622489009682,0.952220396436733
"AA3 cellobiose dehydrogenase (EC 1.1.99.18)",3415.20638049776,0.0552157891910976,0.073234429008985,0.753959441457833,0.450873576140229,0.847369611812662
"AA4 vanillyl-alcohol oxidase (EC 1.1.3.38)",611.073727078901,0.0562544260107182,0.0714583043389137,0.787234269426737,0.431144739667084,0.847369611812662
"AA5 Oxidase with oxygen as acceptor (EC 1.1.3.-)",397.852107226466,0.113332428122019,0.11288472945992,1.0039659807331,0.315395011348405,0.829577448460817
"AA6 1,4-benzoquinone reductase (EC. 1.6.5.6)",339.038922334208,0.119293549503725,0.169569114063168,0.703509894256364,0.481738042897528,0.852977955240474
"AA7 glucooligosaccharide oxidase (EC 1.1.3.-)",1932.27352642665,-0.0104958756596372,0.0875166323768044,-0.11993006785781,0.904538545666611,0.986167834004586
"CBM11 Modules of approx. 180-200 residues. The CBM11 of Clotridium thermocellum Cel26A-Cel5E has been shown to bind both beta-1,4-glucan and beta-1,3-1,4-mixed linked glucans.",33.4388005041735,-0.221635468517673,0.279509970062506,-0.792942979701617,0.427811044839781,0.847369611812662
"CBM13 Modules of approx. 150 residues which always appear as a threefold internal repeat. The only apparent exception to this, xylanase II of Actinomadura sp. FC7 (GenBank U08894), is in fact not completely sequenced. These modules were first identified in several plant lectins such as ricin or agglutinin of Ricinus communis which bind galactose residues. The three-dimensional structure of a plant lectin has been determined and displays a pseudo-threefold symmetry in accord with the observed sequence threefold repeat. These modules have since been found in a number of other proteins of various functions including glycoside hydrolases and glycosyltransferases. While in the plant lectins this module binds mannose, binding to xylan has been demonstrated in the Streptomyces lividans xylanase A and arabinofuranosidase B. Binding to GalNAc has been shown for the corresponding module of GalNAc transferase 4. For the other proteins, the binding specificity of these modules has not been established. The pseudo three-fold symmetry of the CBM13 module has now been confirmed in the 3-D structure of the intact, two-domain, xylanase of Streptomyces olivaceoviridis.",1349.1968047659,-0.596690493448385,0.175865909348276,-3.3928718513986,0.000691639865619487,0.0899131825305333
"CBM16 Carbohydrate-binding module 16. Binding to cellulose and glucomannan demonstrated [B. Bae et al (2008) J Biol Chem. 283:12415-25 (PMID: 18025086)]",45.8516340946371,0.0458979729627515,0.225399251055548,0.203629660470524,0.838642913038268,0.967484350531589
"CBM2 Modules of approx. 100 residues and which are found in a large number of bacterial enzymes. The cellulose-binding function has been demonstrated in many cases. Several of these modules have been shown to also bind chitin or xylan.",1367.20087044354,-0.701261757179425,0.167219280192167,-4.19366568480345,2.74482425739433e-05,0.00713654306922527
"CBM20 The granular starch-binding function has been demonstrated in several cases. Interact strongly with cyclodextrins. Often designated as starch-binding domains (SBD).",63.8580738245029,0.129859656141822,0.208564607984233,0.622635150790488,0.533524306656119,0.894326251480531
"CBM22 A xylan binding function has been demonstrated in several cases and affinity with mixed beta-1,3/beta-1,4-glucans in one. In several cases a thermostabilizing effect has also been seen.",91.9391545473,0.141439335303912,0.29772449751886,0.475067844542931,0.634738616862843,0.934483621449317
"CBM23 Mannan-binding function demonstrated in one case.",9.17347434016843,-0.680279023496191,0.601790854686658,-1.13042432964589,0.258297467094115,0.775549013150438
"CBM3 Modules of approx. 150 residues found in bacterial enzymes. The cellulose-binding function has been demonstrated in many cases. In one instance binding to chitin has been reported.",5.45683402704939,-0.112941908598504,0.543090803172905,-0.207961372092221,0.835259128533861,0.967484350531589
"CBM32 Binding to galactose and lactose has been demonstrated for the module of Micromonospora viridifaciens sialidase (PMID: 16239725). Binding to polygalacturonic acid has been shown for a Yersinia member (PMID: 17292916). Binding to LacNAc (beta-D-galactosyl-1,4-beta-D-N-acetylglucosamine) has been shown for an N-acetylglucosaminidase from Clostridium perfingens (PMID: 16990278).",279.753521848452,-0.280020674898177,0.123035924153488,-2.27592613153252,0.0228504311663015,0.336924699322164
"CBM34 Modules of approx. 120 residues. Granular starch-binding function has been demonstrated in the case of Thermoactinomyces vulgaris R-47 alpha-amylase 1 (TVAI).",5.73992593869949,-0.215007476278746,0.471542096592112,-0.455966663067051,0.648413950878173,0.934483621449317
"CBM35 Modules of approx. 130 residues. A module that is conserved in three Cellvibrio xylan-degrading enzymes binds to xylan and the interaction is calcium dependent, while a module from a Cellvibrio mannanase binds to decorated soluble mannans and mannooligosaccharides. A module in a Phanerochaete chrysosporium galactan 1,3-beta-galactosidase binds to beta-galactan.",173.421309988183,0.14173015153094,0.169199804800355,0.837649616074749,0.402227518247263,0.847369611812662
"CBM37 Modules of approx. 100 residues, conserved in numerous R. albus polysaccharide-degrading enzymes and other proteins from this bacterium. Several members of CBM37 have been shown to exhibit rather broad binding specificity to xylan, chitin, microcrystalline and phosphoric-acid swollen cellulose, as well as more heterogeneous substrates, such as alfalfa cell walls, banana stem and wheat straw.",2.48910288047284,1.27499897940825,0.887814462672059,1.43610972000939,0.150971122678048,0.658265053302266
"CBM38 The inulin-binding function has been demonstrated in the case of the cycloinulo-oligosaccharide fructanotransferase from Paenibacillus macerans (Bacillus macerans) by Lee et al. (2004) FEMS Microbiol Lett 234:105-10. (PMID:15109727).",220.367727299878,-0.218886601588056,0.155333313117991,-1.40914139532831,0.158793362619724,0.658265053302266
"CBM4 Modules of approx. 150 residues found in bacterial enzymes. Binding of these modules has been demonstrated with xylan, beta-1,3-glucan, beta-1,3-1,4-glucan, beta-1,6-glucan and amorphous cellulose but not with crystalline cellulose.",21.4467449575419,-0.395897563699901,0.345730517030003,-1.14510447935247,0.252165880181737,0.775549013150438
"CBM40 Modules of approx. 200 residues, found at the N-terminus of GH33 sialidases. Can also be found inserted in the beta-propeller of GH33 sialidases. The sialic acid binding function has been demonstrated for the N-terminal CBM40 of Vibrio cholerae sialidase (Moustafa et al. (2004) J Biol Chem 279:40819-26) (PMID: 15226294).",3.84971141134309,0.685271841466416,0.653165878599909,1.04915437857123,0.294107071887297,0.822299977760296
"CBM41 Modules of approx. 100 residues found in primarily in bacterial pullulanases. The N-terminal module from Thermotoga maritima Pul13 has been shown to bind to the alpha-glucans amylose, amylopectin, pullulan, and oligosaccharide fragments derived from these polysaccharides (Lammerts van Bueren et al. (2004) Biochemistry 43:15633-42) (PMID: 15581376).",89.8351962442184,-0.0944921860257526,0.172405326676716,-0.548081592646721,0.583635879212086,0.908654662246361
"CBM42 Modules of approx. 160 residues found mostly at the C-terminus of GH54 catalytic domains. Binding to arabinofuranose (present in arabinoxylan) has been demonstrated.",73.8484597286308,0.111795702050765,0.197313302045325,0.56658978838175,0.5709929144068,0.894326251480531
"CBM44 The C-terminal CBM44 module of the Clostridium thermocellum enzyme has been demonstrated to bind equally well cellulose and xyloglucan",40.8549112507649,0.191574125962016,0.261895844762387,0.731489749811905,0.464480063161456,0.847369611812662
"CBM46 Modules of approx. 100 residues, found at the C-terminus of several GH5 cellulases. Cellulose-binding function demonstrated in one case.",3.38720215271139,-0.59784444646615,0.823160544057979,-0.726279279032161,0.467667579422333,0.847369611812662
"CBM47 Modules of approx 150 residues. Fucose-binding activity demonstrated",25.5956816662558,0.10926400657822,0.287454104195823,0.38010939827732,0.703864209649714,0.943323167571782
"CBM48 Modules of approx. 100 residues with glycogen-binding function, appended to GH13 modules. Also found in the beta subunit (glycogen-binding) of AMP-activated protein kinases (AMPK)",1002.69741535695,-0.0827660904779406,0.074791948794525,-1.10661764818193,0.268459273782844,0.775549013150438
"CBM5 Modules of approx. 60 residues found in bacterial enzymes. Chitin-binding described in several cases. Distantly related to the CBM12 family.",1.30573581327497,1.38922282068409,1.1839867076129,1.17334325778452,0.240658181802568,0.775549013150438
"CBM50 Modules of approx. 50 residues found attached to various enzymes from families GH18, GH19, GH23, GH24, GH25 and GH73, i.e. enzymes cleaving either chitin or peptidoglycan. Binding to chitopentaose demonstrated in the case of Pteris ryukyuensis chitinase A [Ohnuma T et al. (2008) J. Biol. Chem. 283:5178-87 (PMID: 18083709)]. CBM50 modules are also found in a multitude of other enzymes targeting the petidoglycan such as peptidases and amidases. These enzymes are not reported in the list below.",935.624891557575,0.298084254560705,0.170283409569128,1.75051847572793,0.0800288889154322,0.547566082052957
"CBM51 Modules of approx. 150 residues found attached to various enzymes from families GH2, GH27, GH31, GH95, GH98 and GH101 . Binding to galactose and to blood group A/B-antigens demonstrated in the case of C. perfringens GH95CBM51 and GH98CBM51 respectively [Gregg KJ et al. (2008) J. Biol. Chem. 283:12604-13 PMID: 18292090].",62.9313503075687,-0.130433860378863,0.163414076603677,-0.79818007781056,0.424765996720478,0.847369611812662
"CBM56 beta-1,3-glucan binding function demonstrated by Yamamoto et al. (1998) FEBS Letters 433:41-43 [PMID: 9738929]",13.547802582592,-1.14314691706303,0.351788508223504,-3.24952887982558,0.00115596340006362,0.100183494672181
"CBM57 Created from reading Schallus et al (2008) Mol Biol Cell. 19:3404-3414 [PMID: 18524852] and finding related domains attached to various glycosidases.",75.5918175632009,0.495037638241969,0.208364801002582,2.37582180800218,0.0175099164245422,0.32518416217007
"CBM6 Modules of approx. 120 residues. The cellulose-binding function has been demonstrated in one case on amorphous cellulose and beta-1,4-xylan. Some of these modules also bind beta-1,3-glucan, beta-1,3-1,4-glucan, and beta-1,4-glucan.",633.00567127044,-0.433149719803367,0.15451796064214,-2.8032321809277,0.00505932324863684,0.259493696514866
"CBM60 Modules of approx 120 residues usually found appended to xylanases. The xylan-binding function and the relatedness (circular permutation) to family CBM36 has been demonstrated [PMID: 20659893].",23.0791450566707,-0.723122978805565,0.32755989862874,-2.20760533213243,0.02727179712561,0.362564041930038
"CBM61 Modules of approx. 150 residues found appended to GH16, GH30, GH31, GH43, GH53 and GH66 catalytic domains. A beta-1,4-galactan binding function has been demonstrated for the CBM61 of Thermotoga maritima GH53 galactanase [PMID: 20826814].",155.397044889206,-0.117441322501196,0.354507352025785,-0.331280358023869,0.740432726479444,0.952220396436733
"CBM63 The CBM63 module of Bacillus subtilis expansin EXLX1 has been shown to bind cellulose.",2.17769288294244,0.126791573019522,0.911384757222805,0.139119698913865,0.889355562112424,0.979798500632331
"CBM66 The CBM66 module, derived from the Bacillus subtilis exo-acting beta-fructosidase SacC, targets the terminal fructoside residue of fructans.",44.537749713506,-0.200969818355983,0.242967583946132,-0.82714663039387,0.408153957001526,0.847369611812662
"CBM67 Fujimoto et al. [PMID : 23486481] disclosed the L-rhamnose binding activity and 3-D structure of the CBM67 of Streptomyces avermitilis alpha-L-rhamnosidase (SaRha78A)",268.947515393124,0.131948207102351,0.137246296835792,0.961397211760258,0.336352485695734,0.837436407166698
"CBM68 Binding to maltotriose and maltotetraose shown for the pullulanase of Anoxybacillus sp. LM18-11. Binding function derived from crystal structure and deletion of the CBM, which showed reduced specific activity and increased Km value compared to the wild type enzyme.",58.0067494902703,-0.114898066367558,0.425998303899721,-0.269714844673665,0.787379639259726,0.952220396436733
"CBM71 The two CBM71s of S. pneumoniae BgaA bind lactose and LacNAc.",2.52706030219828,1.92277463331446,0.95271427240628,2.01820702072416,0.043569705272693,0.419560124848155
"CBM77 Pectin binding modules of approx. 110 residues. The Ruminococcus flavefaciens CBM77 was shown to bind various pectins of low degree of esterification.",47.2019271001701,0.108513909829063,0.592370789827452,0.183185787841888,0.854652245338588,0.967484350531589
"CBM8 The cellulose-binding module from a cellulase of the slime mold Dictyostelium discoideum has been experimentally shown to bind cellulose.",28.9232286850738,0.0589686886816451,0.360212377794348,0.1637053369535,0.869963115952238,0.968458040331295
"CBM85",2.83488049553309,0.190504861843172,0.688602573307817,0.276654298470089,0.78204556710353,0.952220396436733
"CBM88 Binding to terminal galactose in galactoxyloglucan and galactomannan",12.1887808604781,-0.957404598867029,0.5753856381151,-1.6639355163667,0.0961253164780903,0.573320398019664
"CBM9 Modules of approx. 170 residues found so far only in xylanases. The cellulose-binding function has been demonstrated in one case.",204.317905356991,0.0203981014192708,0.161614196480078,0.126214787212615,0.899561906469448,0.986167834004586
"CBM91 Binding to xylans (birchwood and oat spelt)",221.631669615125,-0.294147773170255,0.138329376737831,-2.12643026453983,0.0334674500243112,0.362564041930038
"CE1 acetyl xylan esterase (EC 3.1.1.72)",942.392511380924,0.0813449091517143,0.0715018147623839,1.1376621617513,0.255261579122722,0.775549013150438
"CE11 UDP-3-0-acyl N-acetylglucosamine deacetylase (EC 3.5.1.108).",860.022687820077,0.00399687678311226,0.0772214083598556,0.0517586621120223,0.958720994230066,0.995327248554707
"CE12 pectin acetylesterase (EC 3.1.1.-)",137.28172238069,-0.157080665011259,0.250438398074974,-0.627222767030451,0.530513221404379,0.894326251480531
"CE13 pectin acetylesterase (EC 3.1.1.-)",46.1652496950485,0.393869251007503,0.3889460758005,1.01265773204388,0.311223673752685,0.829577448460817
"CE14 N-acetyl-1-D-myo-inosityl-2-amino-2-deoxy-alpha-D-glucopyranoside deacetylase (EC 3.5.1.89)",1149.16946929225,0.148457618524538,0.111323820742955,1.33356560647809,0.182346260977537,0.677286112202281
"CE15 4-O-methyl-glucuronoyl methylesterase (EC 3.1.1.-)",73.5661432190672,0.0125701717767679,0.179895392363679,0.0698748956913571,0.944293234614343,0.995327248554707
"CE16 acetylesterase (EC 3.1.1.6) active on various carbohydrate acetyl esters",14.3578410919601,-0.894115103539725,0.419410807964593,-2.13183610569999,0.0330203223253748,0.362564041930038
"CE17 acetylmannan esterase (3.1.1.-)",6.44766737969603,0.940585037170947,0.67268165353014,1.39826176652044,0.162034474659019,0.658265053302266
"CE18 N-acetylgalactosamine deacetylase (EC 3.5.1.-)",4.26873986753646,0.615216025626314,0.849600503942131,0.72412389443241,0.468989676354466,0.847369611812662
"CE19",55.8492476063847,-0.142499944482566,0.220084062360294,-0.647479617353133,0.517321582033245,0.894326251480531
"CE2 acetyl xylan esterase (EC 3.1.1.72).",12.675960785588,0.27364089347559,0.389429440007952,0.702671306694229,0.482260613155191,0.852977955240474
"CE20",19.9651837114763,-0.20487127846941,0.283128478035798,-0.723598275562751,0.469312400388551,0.847369611812662
"CE3 acetyl xylan esterase (EC 3.1.1.72).",34.6704823496686,-0.379493800348934,0.256164151166406,-1.48144773037509,0.138487303732496,0.658265053302266
"CE4 acetyl xylan esterase (EC 3.1.1.72)",1309.46924929739,0.162137068870968,0.106201595589677,1.52669145854837,0.126837752355764,0.651372398182184
"CE5 acetyl xylan esterase (EC 3.1.1.72)",12.3282853534859,0.124572636171502,0.431765676283606,0.288519081099156,0.772949426619105,0.952220396436733
"CE6 acetyl xylan esterase (EC 3.1.1.72).",1.36144623937962,-1.97824074472484,1.1024341850954,-1.79442979133821,0.0727445954156228,0.525377633557276
"CE7 acetyl xylan esterase (EC 3.1.1.72)",54.3065588913908,0.0344794759790017,0.170831228034271,0.201833566238162,0.840046839464623,0.967484350531589
"CE8 pectin methylesterase (EC 3.1.1.11).",351.104069740755,-0.218879652877926,0.281568623781701,-0.777358108791352,0.436947520422571,0.847369611812662
"CE9 N-acetylglucosamine 6-phosphate deacetylase (EC 3.5.1.25)",163.601313579344,-0.0738151126399253,0.14051434978719,-0.525320814220889,0.599360190413195,0.922092600635684
"GH1 beta-glucosidase (EC 3.2.1.21)",1007.34510720378,-0.0271587554945679,0.0892701584913255,-0.304231066165374,0.760951858484439,0.952220396436733
"GH10 endo-1,4-beta-xylanase (EC 3.2.1.8)",840.222680992301,-0.395816935362331,0.136590743559815,-2.89783132477785,0.00375752615746988,0.244239200235542
"GH102 peptidoglycan lytic transglycosylase (EC 3.2.1.-)",56.8497057760174,-0.00835943926535326,0.200623053407453,-0.0416673912761948,0.96676384936618,0.995327248554707
"GH103 peptidoglycan lytic transglycosylase (EC 3.2.1.-)",207.514364573458,-0.027342729223948,0.102485602363345,-0.266795809298258,0.789626381038662,0.952220396436733
"GH104 peptidoglycan lytic transglycosylase (EC 3.2.1.-)",4.83785647568825,-0.485495368721394,0.821169652265625,-0.591224197560031,0.554370211677263,0.894326251480531
"GH105 unsaturated rhamnogalacturonyl hydrolase (EC 3.2.1.172)",124.240417352689,0.295254868885032,0.218139349767067,1.35351493987816,0.175891180486719,0.677286112202281
"GH106 alpha-L-rhamnosidase (EC 3.2.1.40)",124.101815174661,-0.265430751897365,0.104947764467184,-2.52917013759128,0.01143325891822,0.297264731873721
"GH108 N-acetylmuramidase (EC 3.2.1.17)",4.90484602977334,-0.667161409409757,0.566353809048775,-1.17799403614905,0.238798983817546,0.775549013150438
"GH109 alpha-N-acetylgalactosaminidase (EC 3.2.1.49)",2122.58514251651,0.242859038850863,0.176834519130068,1.37336895559533,0.169637675701227,0.669302896637413
"GH11 endo-beta-1,4-xylanase (EC 3.2.1.8)",91.2409654319803,-0.371464813337485,0.332246447450357,-1.11803998564345,0.26354991615727,0.775549013150438
"GH113 beta-mannanase (EC 3.2.1.78)",16.33689117358,0.334065746421538,0.234173445201536,1.42657399148752,0.153702725381741,0.658265053302266
"GH114 endo-alpha-1,4-polygalactosaminidase (EC 3.2.1.109)",28.9989311700559,0.206940113529337,0.240975859320532,0.858758691069037,0.390473662470985,0.847369611812662
"GH115 xylan alpha-1,2-glucuronidase (3.2.1.131)",52.6579095133658,-0.167969603570693,0.220711497660773,-0.761036943480201,0.446635001572848,0.847369611812662
"GH116 beta-glucosidase (EC 3.2.1.21)",19.4744708379703,-0.0873522202104424,0.303048979990712,-0.28824456103802,0.773159540767717,0.952220396436733
"GH117 beta-D-galactofuranosidase (EC 3.2.1.146)",15.5478847255954,0.772474963373218,0.340313764256583,2.2698904496581,0.0232142307188406,0.336924699322164
"GH12 endoglucanase (EC 3.2.1.4)",75.1611270441282,-0.105546187094044,0.214129610332528,-0.492907949209537,0.622077630259043,0.934483621449317
"GH120 beta-xylosidase (EC 3.2.1.37)",91.3951982008289,-0.100152198591699,0.194111111040634,-0.515952940842906,0.60588727717688,0.926651129799934
"GH121 beta-L-arabinobiosidase (EC 3.2.1.-)",37.903812096226,0.00186138990790478,0.320583430371789,0.00580625737813734,0.995367302912014,0.998465831830348
"GH123 beta-N-acetylgalactosaminidase (EC 3.2.1.53)",1.42653582616912,2.84221421616184,1.1173094439496,2.54380219513301,0.0109653160528444,0.297264731873721
"GH125 exo-alpha-1,6-mannosidase (EC 3.2.1.163)",5.6371285665361,0.562069507001869,0.67974933969618,0.826877606461656,0.408306437158194,0.847369611812662
"GH127 beta-L-arabinofuranosidase (EC 3.2.1.185)",200.955008344654,-0.0933076124534614,0.126762452874837,-0.736082415079106,0.461680543765628,0.847369611812662
"GH128 beta-1,3-glucanase (EC 3.2.1.39)",0.845610361750497,1.07940963851695,1.25580317399745,0.859537275320776,0.390044163983084,0.847369611812662
"GH13 alpha-amylase (EC 3.2.1.1)",10517.0699928794,0.080987061528475,0.0956628048789255,0.846588824475462,0.397224345163493,0.847369611812662
"GH130 beta-1,4-mannosylglucose phosphorylase (EC 2.4.1.281)",97.4731910240538,0.134590881094255,0.17614596883671,0.764087205532491,0.444815276315687,0.847369611812662
"GH133 amylo-alpha-1,6-glucosidase (EC 3.2.1.33)",155.671243675773,-0.106496127520605,0.183185608806862,-0.581356407930968,0.561000270690814,0.894326251480531
"GH135 alpha-1,4-galactosaminogalactan hydrolase (EC 3.2.1.-)",16.6694125460303,0.0138758923938877,0.33557411231578,0.0413497104950405,0.967017103688152,0.995327248554707
"GH136 lacto-N-biosidase (EC 3.2.1.140)",92.4449391841395,0.0518406806822606,0.239899391847824,0.216093422675889,0.828914926544539,0.967484350531589
"GH138 rhamnogalacturonan alpha-1,2-galacturonohydrolase (EC 3.2.1.173)",0.973368507964978,0.630857533744825,1.10925633385385,0.568721146313458,0.569545394826322,0.894326251480531
"GH140 beta-1,2-apiosidase (EC 3.2.1.-)",36.4615575866056,-0.118056567021199,0.201190904305388,-0.586788788632318,0.55734556740369,0.894326251480531
"GH141 alpha-L-fucosidase (EC 3.2.1.51)",53.1396767295877,-0.418258228333921,0.249605463429569,-1.67567737735813,0.0938014033589123,0.573320398019664
"GH142 beta-L-arabinofuranosidase (EC 3.2.1.185)",3.99971978681454,0.55902227625205,0.807406319833135,0.692367972011393,0.488706273895462,0.858538048735271
"GH143 2-keto-3-deoxy-D-lyxo-heptulosaric acid hydrolase (EC 3.2.1.-)",0.313767726611553,-0.0341086911829747,1.53053887161315,-0.022285413206804,0.982220284568609,0.998465831830348
"GH144 endo-beta-1,2-glucanase (EC 3.2.1.71)",78.764836232279,0.0629870182255939,0.14563433278376,0.432501162477381,0.665377207505727,0.943323167571782
"GH146 beta-L-arabinofuranosidase (EC 3.2.1.185)",14.6179043510714,0.259524611157926,0.293876173394418,0.883108719432018,0.377177533522548,0.847369611812662
"GH147 beta-galactosidase (EC 3.2.1.23)",3.42149161996371,0.570426803226014,0.655749936990693,0.869884648169031,0.384363445861313,0.847369611812662
"GH148 beta-1,3-glucanase (EC 3.2.1.-)",3.70901744178929,0.0675260559008179,0.805405485790492,0.0838410677505409,0.93318279560488,0.993023998416217
"GH15 glucoamylase (EC 3.2.1.3)",2686.15711110962,-0.0590090643077012,0.0782293319189001,-0.754308682693028,0.450663889871521,0.847369611812662
"GH151 alpha-L-fucosidase (EC 3.2.1.51)",13.6799448802714,0.000751617720728394,0.39089834955913,0.00192279584085248,0.998465831830348,0.998465831830348
"GH154 beta-glucuronidase (3.2.1.31)",29.5515137448298,0.00425608413763947,0.273655112606252,0.0155527302125114,0.987591216941869,0.998465831830348
"GH157 endo-beta-1,3-glucanase / laminarinase (EC 3.2.1.39)",19.6835869441203,0.0377338164348559,0.326830252630474,0.115453866743233,0.90808538488439,0.986167834004586
"GH158 endo-beta-1,3-glucanase (EC 3.2.1.39)",77.9672411001377,0.176628602853579,0.230932920567517,0.764848088438473,0.444362008695951,0.847369611812662
"GH159 beta-D-galactofuranosidase (EC 3.2.1.146)",1.20387530960375,0.136018574358466,1.60419227561321,0.0847894460197874,0.932428784180391,0.993023998416217
"GH16 xyloglucan:xyloglucosyltransferase (EC 2.4.1.207)",290.689404090208,0.107221277021537,0.0847095830952347,1.26575144279713,0.205602084445459,0.703375552050255
"GH163 endo-beta-N-acetylglucosaminidase cleaving GlcNAc-beta-1,2-Man (EC 3.2.1.-)",1.77118796551556,0.737470774784329,0.867871675947829,0.849746333729482,0.395466132227885,0.847369611812662
"GH164 beta-mannosidase (EC 3.2.1.25)",1.21496151015856,0.340781403920779,1.28638309630172,0.264914398285011,0.791075406270517,0.952220396436733
"GH165 beta-galactosidase (EC 3.2.1.23)",8.69022626101764,0.0990164645804511,0.461083434112267,0.214747391155116,0.82996427163748,0.967484350531589
"GH166 alpha-1,4-galactosaminogalactan hydrolase (EC 3.2.1.-)",2.68152716502293,-1.37174004840625,0.869435694151715,-1.57773606217608,0.114626257912309,0.634102703344687
"GH167 beta-carrageenase (EC 3.2.1.-)",56.5581544406953,0.545649456743785,0.358821374084068,1.52067155457675,0.128342280440164,0.651372398182184
"GH17 glucan endo-1,3-beta-glucosidase (EC 3.2.1.39)",97.7161591079977,-0.137187311418123,0.152864003711568,-0.897446802956802,0.369480547662239,0.847369611812662
"GH170 6-phospho-N-acetylmuramidase (EC 3.2.1.-)",23.18130956411,-0.248594851356296,0.738945419231575,-0.336418421288555,0.736555360025534,0.952220396436733
"GH171 peptidoglycan beta-N-acetylmuramidase (EC 3.2.1.92)",147.402364363217,0.174443754872975,0.134362155229301,1.29831018693673,0.194180767270993,0.684587732731135
"GH172 difructose-anhydride-I synthase (EC 4.2.1.179 (old 3.2.1.134))",81.5866860835599,-0.148231935416102,0.156759427056724,-0.945601411023684,0.344351924286443,0.837436407166698
"GH173 beta-galactosidase (EC 3.2.1.23)",5.16808271851377,0.483398889142509,0.573823249436235,0.842417747307093,0.399554162471006,0.847369611812662
"GH18 chitinase (EC 3.2.1.14)",397.582280852635,0.0233644980705832,0.159919399856112,0.146101711809858,0.883841095090201,0.977866743504052
"GH19 chitinase (EC 3.2.1.14)",46.5374650242765,0.273960820683781,0.274185479327808,0.999180632597402,0.317707196161181,0.829577448460817
"GH2 beta-galactosidase (EC 3.2.1.23) ",1160.8840871276,-0.0687243891009885,0.0611232588341542,-1.12435741175807,0.260861431585252,0.775549013150438
"GH20 beta-hexosaminidase (EC 3.2.1.52)",209.496833646722,-0.0804920430550306,0.125736709525408,-0.640163428475637,0.522066356081898,0.894326251480531
"GH23 lysozyme type G (EC 3.2.1.17)",1442.51706213543,0.12759719891337,0.0664324331164722,1.92070639185623,0.05476873333417,0.444995958340131
"GH24 lysozyme (EC 3.2.1.17)",30.9674920164928,0.476964396149574,0.271442238128304,1.75714877477589,0.0788924539197325,0.547566082052957
"GH25 lysozyme (EC 3.2.1.17)",369.72998255055,0.228634719409023,0.162452447269165,1.40739473767484,0.15931037076392,0.658265053302266
"GH26 beta-mannanase (EC 3.2.1.78)",73.3655634406362,0.0802618096310607,0.174801363365121,0.459160089406234,0.64611920842205,0.934483621449317
"GH27 alpha-galactosidase (EC 3.2.1.22)",92.400873140525,0.188558093306851,0.183774958335564,1.02602713130564,0.304878795582887,0.825713404703652
"GH28 polygalacturonase (EC 3.2.1.15)",140.60166183733,0.340617992808209,0.159911300400878,2.13004329246477,0.0331680393467654,0.362564041930038
"GH29 alpha-L-fucosidase (EC 3.2.1.51)",198.286715984132,0.0887443188971125,0.11462378010226,0.774222581195111,0.438799176853856,0.847369611812662
"GH3 beta-glucosidase (EC 3.2.1.21)",2369.54820485814,-0.0228701639172442,0.0949635837999065,-0.240830884873015,0.809686191333871,0.965680778655075
"GH30 endo-beta-1,4-xylanase (EC 3.2.1.8)",246.593872701691,-0.3169600483831,0.145813294457303,-2.17373902402234,0.0297247401627437,0.362564041930038
"GH31 alpha-glucosidase (EC 3.2.1.20)",358.858908801563,-0.0259419121427518,0.093114900564537,-0.278601083021849,0.780550981473273,0.952220396436733
"GH32 invertase (EC 3.2.1.26)",122.658880652384,0.0585940441568036,0.219068243219278,0.26746936614703,0.789107797505377,0.952220396436733
"GH33 sialidase or neuraminidase (EC 3.2.1.18)",112.261918853537,0.0332786945332417,0.193275240429464,0.172182916235392,0.863293728166649,0.967484350531589
"GH35 beta-galactosidase (EC 3.2.1.23)",130.415705644502,0.295751101413307,0.151949072307032,1.94638306718783,0.051608742053035,0.432847513993197
"GH36 alpha-galactosidase (EC 3.2.1.22)",219.622428986426,0.154982642905796,0.186094136656186,0.832818516964513,0.404947089883389,0.847369611812662
"GH37 alpha,alpha-trehalase (EC 3.2.1.28).",22.8212236939036,-0.429328746820963,0.289016384630734,-1.48548237972564,0.137416087602749,0.658265053302266
"GH38 alpha-mannosidase (EC 3.2.1.24)",286.096253102202,0.0488156923278483,0.114542631865775,0.426179244641875,0.669977240154177,0.943323167571782
"GH39 alpha-L-iduronidase (EC 3.2.1.76)",1040.84073588469,0.0942891632423127,0.070393541517658,1.33945758672563,0.180421753061726,0.677286112202281
"GH4 maltose-6-phosphate glucosidase (EC 3.2.1.122)",406.779489833141,-0.0946563350046643,0.121076017505009,-0.781792603979134,0.434336468325427,0.847369611812662
"GH42 beta-galactosidase (EC 3.2.1.23)",210.362658300396,-0.0110562599460424,0.113751173508503,-0.0971968868981905,0.922570040236608,0.993023998416217
"GH43 beta-xylosidase (EC 3.2.1.37)",752.385421500618,0.0459250198657219,0.108937763760647,0.421571163941149,0.673338057706652,0.943323167571782
"GH44 endoglucanase (EC 3.2.1.4)",28.1003513851336,-0.0864332385144745,0.246472548553587,-0.350680994787063,0.725827685149837,0.952220396436733
"GH45 endoglucanase (EC 3.2.1.4)",3.74536113262165,0.323660527552144,0.779779318858051,0.415066826889085,0.678092983050282,0.943323167571782
"GH46 chitosanase (EC 3.2.1.132)",46.1543345489167,0.0248829647233979,0.220889189677788,0.112649083278791,0.910308769850387,0.986167834004586
"GH47 alpha-mannosidase (EC 3.2.1.113)",9.88673261848497,-0.154663119964813,0.355498247336262,-0.435060147620133,0.663518769507925,0.943323167571782
"GH48 reducing end-acting cellobiohydrolase (EC 3.2.1.176)",89.1320164358532,-0.483229364997568,0.207524164440038,-2.32854504583341,0.0198831802337837,0.336924699322164
"GH5 endo-beta-1,4-glucanase / cellulase (EC 3.2.1.4)",618.368999266647,0.00637763894535608,0.113112456554584,0.0563831706924205,0.95503656346824,0.995327248554707
"GH50 beta-agarase (EC 3.2.1.81).",10.9645171647433,0.225253012429358,0.37259912567851,0.604545198594248,0.545481228581453,0.894326251480531
"GH51 endoglucanase (EC 3.2.1.4)",505.135892577911,-0.047184213284227,0.139145447446972,-0.339099942901178,0.734534441449436,0.952220396436733
"GH52 beta-xylosidase (EC 3.2.1.37).",75.1214258386703,0.420294498368693,0.405276268938301,1.03705676986648,0.299709400697482,0.822299977760296
"GH53 endo-beta-1,4-galactanase (EC 3.2.1.89).",29.7828909520606,-0.143823743509382,0.252252299512283,-0.570158304948884,0.568570332823024,0.894326251480531
"GH54 alpha-L-arabinofuranosidase (EC 3.2.1.55)",99.5951038813188,-0.49754722682736,0.219371290465834,-2.26805989868054,0.023325556106919,0.336924699322164
"GH55 exo-beta-1,3-glucanase (EC 3.2.1.58)",254.818044785913,-0.163200054218188,0.116263045112524,-1.40371391494379,0.16040405716717,0.658265053302266
"GH57 alpha-amylase (EC 3.2.1.1)",290.402759336328,0.182882183688832,0.10004402092022,1.82801712692726,0.0675469812684184,0.501777575136823
"GH59 beta-galactosidase (EC 3.2.1.23)",5.61644054481802,-0.323870188168124,0.600875684715822,-0.538996994563518,0.589888928331913,0.912923341466056
"GH6 endoglucanase (EC 3.2.1.4)",215.591187939743,-0.123483850048079,0.129684634796621,-0.952185663642675,0.341002830404991,0.837436407166698
"GH62 alpha-L-arabinofuranosidase (EC 3.2.1.55)",259.587270845625,-0.592353120684946,0.227113208781042,-2.60818436701331,0.00910239137249832,0.295827719606195
"GH63 processing alpha-glucosidase (EC 3.2.1.106)",98.2332322705358,0.14405273528313,0.152429936907134,0.945042281103169,0.34463729064168,0.837436407166698
"GH64 beta-1,3-glucanase (EC 3.2.1.39)",21.1926820005645,-0.337772500848366,0.29116117693973,-1.16008770262075,0.246013100430496,0.775549013150438
"GH65 alpha,alpha-trehalase (EC 3.2.1.28)",662.553071416121,-0.0746175402122403,0.0899757790528484,-0.829306964582243,0.406930730918729,0.847369611812662
"GH66 cycloisomaltooligosaccharide glucanotransferase (EC 2.4.1.248)",1.86260167288498,-0.306962923963537,0.899015565327202,-0.34144339186365,0.732769813629914,0.952220396436733
"GH67 alpha-glucuronidase (EC 3.2.1.139)",78.0558057604694,-0.314514485723651,0.184532604344812,-1.70438436524723,0.088309302894796,0.573320398019664
"GH68 levansucrase (EC 2.4.1.10)",10.6413382869169,0.540228237811093,0.385092492503195,1.40285320625047,0.160660617130755,0.658265053302266
"GH71 alpha-1,3-glucanase (EC 3.2.1.59).",138.650637015099,0.00456064846387275,0.450312949086167,0.0101277311103929,0.991919377850789,0.998465831830348
"GH73 lysozyme (EC 3.2.1.17)",72.9134051517783,0.714238784420246,0.267678344098433,2.66827257477953,0.00762423759848489,0.283185967943725
"GH74 endoglucanase (EC 3.2.1.4)",2741.35597790271,0.035091826216943,0.0911298036594185,0.385075187345871,0.700181710825387,0.943323167571782
"GH75 chitosanase (EC 3.2.1.132)",8.18575354186575,0.0940445710738633,0.462201167501268,0.203471080746686,0.838766847107695,0.967484350531589
"GH76 alpha-1,6-mannanase (EC 3.2.1.101)",30.9929346291129,0.358804473642965,0.244810479179199,1.46564180931292,0.1427458947832,0.658265053302266
"GH77 amylomaltase or 4-alpha-glucanotransferase (EC 2.4.1.25)",307.107124584397,0.0379743810044995,0.0980059249399362,0.387470257821375,0.698408099451069,0.943323167571782
"GH78 alpha-L-rhamnosidase (EC 3.2.1.40)",133.593751191652,-0.00729845054377049,0.184995436144768,-0.0394520572824246,0.968529976478234,0.995327248554707
"GH79 beta-glucuronidase (EC 3.2.1.31)",12.6440334711105,0.0593240197585742,0.341860570603807,0.173532793366003,0.86223265350248,0.967484350531589
"GH8 chitosanase (EC 3.2.1.132)",80.7470151800302,0.00429827239867112,0.155594966158098,0.0276247522963159,0.97796143971892,0.998465831830348
"GH81 endo-beta-1,3-glucanase (EC 3.2.1.39)",144.331261719483,-0.117635035390875,0.259676507557592,-0.453006074740071,0.650544367239717,0.934483621449317
"GH84 N-acetyl beta-glucosaminidase (EC 3.2.1.52)",35.4424421825471,-0.0885120616245723,0.269367301584663,-0.328592450174404,0.742463755362494,0.952220396436733
"GH85 endo-beta-N-acetylglucosaminidase (EC 3.2.1.96)",7.82134679893704,0.861140921368126,0.664265225684466,1.29638115630816,0.194844200854246,0.684587732731135
"GH87 mycodextranase (EC 3.2.1.61)",150.702755355274,-0.220925272161725,0.181683925983042,-1.21598689023456,0.223989916054376,0.746633053514586
"GH88 d-4,5-unsaturated beta-glucuronyl hydrolase (EC 3.2.1.-)",46.6079675296376,-0.216167725518044,0.161831919809696,-1.33575456419379,0.181629508320183,0.677286112202281
"GH89 alpha-N-acetylglucosaminidase (EC 3.2.1.50)",2.74567442654964,1.17315658029079,0.891568986703858,1.31583376921618,0.188229842292108,0.684587732731135
"GH9 endoglucanase (EC 3.2.1.4)",127.13476667738,-0.250615077457595,0.151022209372798,-1.65945842335648,0.0970234519725586,0.573320398019664
"GH91 inulin lyase [DFA-I-forming] (EC 4.2.2.17)",5.02109162554584,0.0956107361740461,0.544302371106005,0.175657394215954,0.860563109242388,0.967484350531589
"GH92 mannosyl-oligosaccharide alpha-1,2-mannosidase (EC 3.2.1.113)",162.014426257022,-0.151078461791497,0.145690770775001,-1.03698031788723,0.299745029976304,0.822299977760296
"GH93 exo-alpha-L-1,5-arabinanase (EC 3.2.1.-)",14.6999771586939,0.311434268258992,0.325860098301054,0.955729989289042,0.339208667171399,0.837436407166698
"GH94 cellobiose phosphorylase (EC 2.4.1.20)",225.365479083066,-0.0827099094226836,0.126889536121902,-0.65182608393512,0.514513372750548,0.894326251480531
"GH95 alpha-L-fucosidase (EC 3.2.1.51)",146.778798960702,-0.437246181450116,0.208365071773918,-2.0984619817881,0.035864354941583,0.370226954695795
"GH97 glucoamylase (EC 3.2.1.3)",74.9110366856895,-0.224740021747147,0.163741987496824,-1.37252530754524,0.169899966069497,0.669302896637413
"GH99 glycoprotein endo-alpha-1,2-mannosidase (EC 3.2.1.130)",66.1955425809086,0.258894550672892,0.175914580835263,1.47170603734852,0.14110027657163,0.658265053302266
"GT1 UDP-glucuronosyltransferase (EC 2.4.1.17)",233.318375307235,0.244731112205896,0.160919550519325,1.52082895717824,0.128302765657676,0.651372398182184
"GT10 galactoside alpha-1,3/1,4-L-fucosyltransferase (EC 2.4.1.65)",1.30305437112975,-2.3087224994325,1.22851760492116,-1.87927506303881,0.0602069448498596,0.460406048851868
"GT102 dTDP-beta-L-Rhap : O-antigen-polysaccharide alpha-1,3-L-rhamnosyltransferase (EC 2.4.1.289)",0.558780038078555,0.23579694550053,1.45904067817292,0.161610946855715,0.871612236298166,0.968458040331295
"GT104 dTDP-beta-L-Rhap : arginine alpha-L-rhamnosyltransferase (EC 2.4.1.-)",5.01388965335376,0.361706498680422,0.512150987965416,0.706249733340058,0.48003284716356,0.852977955240474
"GT105 Dol-P-beta-D-Man: protein alpha-D-mannosyltransferase (EC 2.4.1.109)",34.2020490793472,-0.0818955706154835,0.221433960669793,-0.369841962668084,0.711500246926019,0.948666995901358
"GT107 CMP-beta-KDO: beta-2,4-KDO transferase (EC 2.4.99.-)",14.9595548890983,-0.246985749591605,0.318667568001887,-0.775057691437687,0.438305570320563,0.847369611812662
"GT11 GDP-L-Fuc: galactoside alpha-1,2-L-fucosyltransferase (EC 2.4.1.69)",4.87122809884197,0.646494550654558,0.648846987227229,0.996374435546471,0.319068249408007,0.829577448460817
"GT12 [N-acetylneuraminyl]-galactosylglucosylceramide N-acetylgalactosaminyltransferase (EC 2.4.1.92).",2.15122919233315,2.39919809760208,0.872937065106246,2.74842046867385,0.00598831607341999,0.259493696514866
"GT14 beta-1,3-galactosyl-O-glycosyl-glycoprotein beta-1,6-N-acetylglucosaminyltransferase (EC 2.4.1.102)",5.24514631067629,0.449824169916614,0.582590636590352,0.772110194817475,0.440049164582112,0.847369611812662
"GT19 lipid-A-disaccharide synthase (EC 2.4.1.182).",70.3886603959804,-0.0925341495421245,0.158393157251381,-0.584205474200292,0.559082078975763,0.894326251480531
"GT2 cellulose synthase (EC 2.4.1.12)",6580.01212032506,0.104108513824467,0.0616665364734529,1.68824973442907,0.0913632997882895,0.573320398019664
"GT20 alpha,alpha-trehalose-phosphate synthase [UDP-forming] (EC 2.4.1.15)",940.144121862491,0.0397429126889662,0.0700601073101353,0.567268795536326,0.570531574134868,0.894326251480531
"GT21 UDP-Glc: ceramide beta-glucosyltransferase (EC 2.4.1.80).",15.1756782842494,0.193080026649204,0.316025138865172,0.610964138304134,0.541223321917704,0.894326251480531
"GT22 Dol-P-Man: Man6GlcNAc2-PP-Dol alpha-1,2-mannosyltransferase (EC 2.4.1.259)",2.28110567026789,1.83848481332423,0.741613377563565,2.47903404785421,0.0131738730040117,0.311382452822095
"GT23 N-acetyl-beta-D-glucosaminide alpha-1,6-L-fucosyltransferase (EC 2.4.1.68)",1.79016280877298,0.494241858267136,1.20564129755355,0.409941049025142,0.68184919234035,0.943323167571782
"GT25 lipopolysaccharide beta-1,4-galactosyltransferase (EC 2.4.1.-)",1.25374564015077,0.550899816496039,1.16895228635259,0.471276563575556,0.637443249686711,0.934483621449317
"GT26 UDP-ManNAcA: beta-N-acetyl mannosaminuronyltransferase (EC 2.4.1.-)",213.029916153697,0.116116266721819,0.103080137212347,1.12646596970101,0.259968336982524,0.775549013150438
"GT28 1,2-diacylglycerol 3-beta-galactosyltransferase (EC 2.4.1.46)",236.302206620659,0.280743168309998,0.115907237631553,2.42213665036542,0.0154295472432769,0.312017464136265
"GT3 glycogen synthase (EC 2.4.1.11).",33.1266654186035,-0.517616998502267,0.273852606154287,-1.89012989787158,0.0587405893885798,0.460406048851868
"GT30 CMP-beta-KDO: alpha-3-deoxy-D-manno-octulosonic-acid (KDO) transferase (EC 2.4.99.-).",64.8920298978926,0.248794496566329,0.15747047323167,1.57994379175011,0.114119739275956,0.634102703344687
"GT33 GDP-Man: chitobiosyldiphosphodolichol beta-mannosyltransferase (EC 2.4.1.142).",7.05295886199608,1.18855457007349,0.569909738495106,2.08551370469991,0.0370226954695795,0.370226954695795
"GT35 glycogen or starch phosphorylase (EC 2.4.1.1).",2222.1158469497,0.11692044215859,0.130289557734508,0.897389201342138,0.369511272756142,0.847369611812662
"GT39 Dol-P-Man: protein alpha-mannosyltransferase (EC 2.4.1.109)",179.819087911522,-0.127325301967459,0.122965377369977,-1.03545652191482,0.300455761104723,0.822299977760296
"GT4 sucrose synthase (EC 2.4.1.13)",4554.71420823228,0.019936025031158,0.0504172360202355,0.39542082440133,0.692532343023681,0.943323167571782
"GT41 UDP-GlcNAc: peptide beta-N-acetylglucosaminyltransferase (EC 2.4.1.255)",34.1374395394757,0.117645365660097,0.237499625169076,0.495349689820965,0.620353301301339,0.934483621449317
"GT5 UDP-Glc: glycogen glucosyltransferase (EC 2.4.1.11)",1031.79189746807,0.34848646304181,0.228886689473369,1.52252830360568,0.127876759040161,0.651372398182184
"GT51 murein polymerase (EC 2.4.1.129).",4854.08305669678,0.0374610289389671,0.0495616291721876,0.755847407856984,0.449740689115482,0.847369611812662
"GT53 UDP-L-Ara: alpha-L-arabinosyltransferase (EC 2.4.2.-)",20.5040777174669,-0.670608213018936,0.338080298460396,-1.98357673035921,0.0473030454100599,0.424096269193641
"GT55 GDP-Man: mannosyl-3-phosphoglycerate synthase (EC 2.4.1.217)",46.5438688170777,0.123892610387331,0.258803277167492,0.478713452717024,0.632142494125072,0.934483621449317
"GT60 UDP-GlcNAc: polypeptide alpha-N-acetylglucosaminyltransferase (EC 2.4.1.-)",4.66709036584946,-0.0498310886686383,0.610146878543144,-0.0816706442678535,0.934908622833558,0.993023998416217
"GT66 dolichyl-diphosphooligosaccharideâ€”protein glycotransferase (EC 2.4.99.18)",84.9010354462449,0.113489078751183,0.191931891286385,0.59129870492363,0.554320297176544,0.894326251480531
"GT7 lactose synthase (EC 2.4.1.22)",0.710886667165476,-0.73031246719759,1.79305644668486,-0.407300321497323,0.683787426692717,0.943323167571782
"GT75 UDP-Glc: self-glucosylating beta-glucosyltransferase (EC 2.4.1.-)",6.17361197634523,0.107471321040087,0.398548015524591,0.269657147580141,0.787424030856027,0.952220396436733
"GT76 Dol-P-Man: alpha-1,6-mannosyltransferase (EC 2.4.1.-)",38.3913520294216,0.220310060582495,0.178910394160162,1.23139888890565,0.218173712336151,0.736690457238951
"GT8 lipopolysaccharide alpha-1,3-galactosyltransferase (EC 2.4.1.44)",13.6790229995515,-0.0170341352447449,0.384621254602312,-0.0442880757132304,0.964674776551725,0.995327248554707
"GT81 NDP-Glc: glucosyl-3-phosphoglycerate synthase (EC 2.4.1.266)",323.131170889342,-0.0555755486213942,0.116291758573671,-0.477897568177086,0.632723112323387,0.934483621449317
"GT83 undecaprenyl phosphate-alpha-L-Ara4N: 4-amino-4-deoxy-beta-L-arabinosyltransferase (EC 2.4.2.43)",457.083594900684,0.0953691400189695,0.0965602261908425,0.987664836559942,0.323316821156034,0.832300727728405
"GT84 cyclic beta-1,2-glucan synthase (EC 2.4.1.-)",87.306074503757,-0.100486140938986,0.165488412729238,-0.607209527735306,0.543711870053962,0.894326251480531
"GT85 beta-D-arabinofuranosyl monophosphoryldecaprenol: galactan alpha-D-arabinofuranosyltransferase (EC 2.4.2.-)",8.44314582230598,0.177423987434899,0.604401760971762,0.293553061707887,0.769099447486687,0.952220396436733
"GT87 polyprenol-P-Man: alpha-1,2-mannosyltransferase (EC 2.4.1.-)",67.9655998487007,0.0925071708053336,0.163117500772809,0.567119839177637,0.570632764881704,0.894326251480531
"GT89 beta-D-arabinofuranosyl-1-monophosphoryldecaprenol : arabinan beta-1,2-arabinofuranosyltransferase (EC 2.4.2.-)",12.935070841046,-0.537466781878677,0.375408019006485,-1.43168700365293,0.15223341745954,0.658265053302266
"GT9 lipopolysaccharide N-acetylglucosaminyltransferase (EC 2.4.1.56)",426.601908379163,0.0377647246250779,0.0987134722912911,0.382569103775814,0.702039282174829,0.943323167571782
"GT92 UDP-Gal: N-glycan core alpha-1,6-fucoside beta-1,4-galactosyltransferase (EC 2.4.1.-)",0.547724780584898,-0.30930139173379,1.69685999974988,-0.182278674598601,0.855364033525709,0.967484350531589
"GT94 GDP-Man: GlcA-beta-1,2-Man-alpha-1,3-Glc-beta-1,4-Glc-alpha-1-PP-undecaprenol beta-1,4-mannosyltransferase (2.4.1.251)",15.2407805956279,-0.107297811683332,0.336297773486081,-0.319055968081731,0.749684072380288,0.952220396436733
"PL1 pectate lyase (EC 4.2.2.2)",190.959909461339,-0.0159152511330722,0.197379897329237,-0.080632583907595,0.935734152353743,0.993023998416217
"PL10 pectate lyase (EC 4.2.2.2)",19.1461510325505,-0.376497821677803,0.293968398340022,-1.28074250090761,0.200284126231277,0.694318304268426
"PL11 rhamnogalacturonan endolyase (EC 4.2.2.23)",122.113708442112,-0.0982687606350971,0.251034429928281,-0.391455310186621,0.695460715712083,0.943323167571782
"PL12 heparin-sulfate lyase (EC 4.2.2.8)",82.7472380463948,0.296646027238418,0.186484307073326,1.59072917123142,0.111670538965295,0.634102703344687
"PL15 alginate lyase (EC 4.2.2.3)",7.11274245485167,-0.0866058083653558,0.467041856522501,-0.185434789528727,0.852888023469993,0.967484350531589
"PL17 alginate lyase (EC 4.2.2.3)",1.23812290392048,-0.268235820404916,1.34809640149,-0.198973767831771,0.842283264535463,0.967484350531589
"PL22 oligogalacturonate lyase / oligogalacturonide lyase (EC 4.2.2.6)",278.894981254211,0.0565345795976116,0.123257068046666,0.458672111007924,0.64646964431398,0.934483621449317
"PL24 ulvan lyase (EC 4.2.2.-).",0.766350927276955,0.440573413812968,1.42363404600684,0.309470973280483,0.756963289129492,0.952220396436733
"PL26 rhamnogalacturonan exolyase (EC 4.2.2.24).",17.6018435094846,-0.103944425925188,0.297341571092103,-0.34957919117536,0.726654529795925,0.952220396436733
"PL27 L-rhamnose-alpha-1,4-D-glucuronate lyase (EC 4.2.2.-)",0.698936334621761,1.77964602717745,1.57820614390129,1.12763851164475,0.259472615342861,0.775549013150438
"PL29 chondroitin-sulfate ABC endolyase (EC 4.2.2.20)",9.98043305928553,-0.434295398710136,0.468815445251198,-0.926367514358309,0.354255020464322,0.847369611812662
"PL3 pectate lyase (EC 4.2.2.2).",10.3251955263034,-0.120256439387398,0.674204354263123,-0.178367936408291,0.858434028532763,0.967484350531589
"PL31 endo-beta-1,4-glucuronan lyase (EC 4.2.2.14)",24.6091312823955,-0.193078006408442,0.261378495980132,-0.738691244222013,0.460094503729859,0.847369611812662
"PL33 hyaluronate lyase (EC 4.2.2.1)",4.62391048753999,-0.618823863179073,0.636202157650941,-0.97268432012863,0.330710220565106,0.837436407166698
"PL34 alginate lyase (EC 4.2.2.-)",1.42353202318256,1.45521154195878,1.11396483504171,1.30633525959039,0.191438571434192,0.684587732731135
"PL38 endo-beta-1,4-glucuronan lyase (EC 4.2.2.14)",41.4473012924795,-0.285376551537211,0.259515817314872,-1.0996499345971,0.271484676280224,0.775670503657784
"PL4 rhamnogalacturonan endolyase (EC 4.2.2.23).",15.4577991923671,-0.0836478368153195,0.333066238292344,-0.251144748997042,0.801702199614917,0.960564847464878
"PL40 ulvan lyase (EC 4.2.2.-)",9.93624791984264,0.895690123830058,0.520808258006281,1.71980783726216,0.085467377537082,0.56978251691388
"PL41 alginate lyase (EC 4.2.2.3)",5.86627991387673,0.0256548834110518,0.583442453639421,0.0439715746617695,0.964927062077825,0.995327248554707
"PL42 L-rhamnose-alpha-1,4-D-glucuronate lyase (EC 4.2.2.-)",9.8929764265922,-0.888421494420721,0.446697173771977,-1.98886750708261,0.0467158290884468,0.424096269193641
"PL5 alginate lyase (EC 4.2.2.3)",24.4235842619393,-0.410122510908324,0.370285176895339,-1.10758554891935,0.268040847294486,0.775549013150438
"PL6 alginate lyase (EC 4.2.2.3)",14.4803717437024,0.859124600080354,0.401442188660534,2.14009544673652,0.0323470539937529,0.362564041930038
"PL7 poly(beta-mannuronate) lyase / M-specific alginate lyase (EC 4.2.2.3)",105.899071445144,-0.00247218908820462,0.225117961347299,-0.010981749627657,0.991238007636174,0.998465831830348
"PL8 hyaluronate lyase (EC 4.2.2.1)",34.8492843348724,0.241437807763426,0.279510744582582,0.863787215493223,0.387704792148149,0.847369611812662
"PL9 pectate lyase (EC 4.2.2.2)",174.866282501018,0.301085815814701,0.124512285628488,2.41812134678069,0.0156008732068132,0.312017464136265
